1	486	1	20.119134237971807
1	13	1	18.029652117379523
1	184	2	17.861152656619193
1	51	3	16.10272522053518
1	359	7	14.590144564103138
2	746	1	23.944917316535637
2	12	1	23.190994759132273
2	810	5	14.445765233696914
2	141	6	14.070490948129297
2	792	2	13.527139613787014
3	399	1	24.975905189163754
3	144	2	22.451345439076484
3	485	1	21.850946334497863
3	91	5	16.839711496660065
3	90	4	16.734923680762996
4	166	1	32.83025117577334
4	488	1	28.58296118508973
4	185	8	15.205674413897047
4	236	3	14.689908122312445
4	1312	11	13.620187503740027
5	552	1	17.26678844344181
5	968	6	9.741130184093501
5	1296	5	9.578346619846634
5	1379	5	9.427469523821802
5	1272	15	8.423396221430885
6	491	1	14.834697035440984
6	386	2	10.796170111483423
6	385	4	10.28899695722485
6	1273	5	9.557092045936026
6	1075	7	7.967542456785148
7	492	1	35.9752949606209
7	57	4	14.33982803440167
7	48	2	14.02869790116689
7	1307	8	12.090612271558168
7	1381	12	11.184362855464016
8	492	1	21.949903779861973
8	232	2	17.067071115841387
8	69	3	15.919352041393772
8	248	4	14.097878986552537
8	1193	9	13.1160547999349
9	168	1	9.67370086650412
9	5	2	8.799629562842702
9	398	6	8.554332676444929
9	303	6	8.350729900108986
9	21	8	8.101576606495597
10	302	1	20.601924848182815
10	1143	3	17.495471182163932
10	493	1	16.73670428913895
10	691	3	15.7591205090344
10	949	4	14.593267092415198
11	495	1	24.834280746076985
11	654	3	14.257972393481168
11	1327	4	13.826154808795891
11	738	5	11.63549237465595
11	28	15	10.381026965969603
12	624	1	29.10048642943702
12	941	4	10.033067942953885
12	1221	8	8.649398810651816
12	1164	10	8.163955093248436
12	270	12	8.076079559033904
13	496	1	26.110360941218964
13	313	2	12.869717942738035
13	643	4	9.61198054960311
13	199	5	9.440488770588033
13	468	15	5.985564359839145
14	64	1	16.600155437707844
14	170	3	14.331977410414149
14	335	4	13.728256229687977
14	132	2	13.228334821541111
14	798	6	12.96325208803147
15	82	1	9.429833934718502
15	463	2	8.028202546669386
15	553	2	7.698120851302683
15	1340	8	6.871691793524075
15	462	1	6.496956950902892
16	106	1	22.97812413302966
16	498	1	21.140005022886438
16	231	3	14.009028171912842
16	494	6	11.962841117508795
16	1112	11	10.544129775076335
17	106	1	22.97812413302966
17	498	2	15.005031472247548
17	1281	4	14.743917491436136
17	700	3	14.217676640247994
17	494	8	11.474042963666605
18	248	1	19.176663174363654
18	492	3	15.201892377321201
18	56	5	14.383742010517576
18	197	1	14.171743258912542
18	927	6	12.472066008439143
19	706	1	11.132470368493607
19	1242	1	10.36033566319341
19	172	2	9.793235576528945
19	1346	5	9.72448901476178
19	732	10	8.271726382676674
20	500	1	35.92013418510154
20	88	2	22.746074815515808
20	268	2	22.38058121835956
20	87	4	18.669645564229427
20	270	4	17.77582608407228
21	502	1	18.851632429324315
21	68	2	15.19020982530542
21	413	2	13.00487161468513
21	460	5	12.226334159184155
21	883	1	10.239996966558092
22	125	1	16.648919917699203
22	140	1	15.584991742753846
22	413	4	15.144010937489199
22	165	3	14.760431079996055
22	254	9	12.498627899064553
23	899	1	11.740427489447047
23	1197	3	9.033029222675584
23	892	3	8.534744529483092
23	698	10	6.721235765475192
23	1109	7	6.426112761914997
24	756	1	22.909724784479977
24	46	2	16.363334617383984
24	833	3	13.206191666852035
24	1361	4	11.348497292166227
24	612	8	8.91897390279642
25	277	1	16.957627527709793
25	214	3	15.836949849129109
25	511	3	13.447346686971553
25	212	5	12.253032704606303
25	989	7	11.55656057748033
26	611	2	23.08647194340497
26	306	1	21.982273852347056
26	1282	3	17.082599217722624
26	145	3	16.852954099224075
26	4	7	16.48823360041378
27	1176	2	10.142390647784566
27	752	4	9.68805174103688
27	681	1	9.18001964009083
27	680	8	8.749736526860353
27	674	11	8.604356889751946
28	681	1	9.18001964009083
28	1362	9	9.041610170420823
28	674	4	8.604356889751946
28	384	11	8.488376602685413
28	680	10	8.311684755817216
29	465	1	26.543370830698276
29	514	1	25.182936371483468
29	420	2	24.162034446228375
29	250	3	23.09283889760794
29	147	8	18.594632797419294
30	633	2	9.729230887288669
30	513	2	9.528605504680181
30	601	4	9.499504290723808
30	752	3	9.409484530729712
30	432	9	8.61679056096862
32	752	1	22.154146727310284
32	1186	3	12.942391460270482
32	467	2	11.972030231299563
32	921	7	10.88973714806846
32	901	9	9.723266318175122
33	516	1	40.85932154503316
33	431	2	28.33838867704841
33	714	3	18.594711518640004
33	672	9	16.603037547229306
33	904	16	14.926430362067897
34	799	2	15.812711087396853
34	252	3	14.584203015039272
34	431	3	14.111863899499333
34	516	2	13.905160787788159
34	672	1	12.464438881887999
35	1327	1	12.887648477094853
35	1203	3	12.05125115878301
35	724	6	10.38657508197436
35	296	8	9.878686247845849
35	488	7	9.620127592907089
36	319	1	11.780142070857648
36	387	2	11.319749274142978
36	135	4	10.752524786900377
36	1213	13	9.446393290507178
36	959	8	9.32396029347873
37	186	1	10.648047496708365
37	126	3	9.418066453849766
37	1311	4	8.863451817805739
37	503	1	8.465286114476413
37	979	11	8.288627198460807
38	536	1	18.351065357691766
38	976	2	12.705046089699458
38	294	3	11.060489427836094
38	295	4	10.054697092032969
38	154	5	9.18098279883155
39	1205	1	11.044871821740841
39	1278	2	10.959310011272951
39	113	3	10.586696217484128
39	1264	6	10.313492330909224
39	79	7	10.245635590170224
40	536	1	16.481794675089695
40	37	3	11.281955266245276
40	1205	2	9.872610471521575
40	976	4	9.631785464220155
40	295	5	9.437895669547183
41	289	1	21.838447704409745
41	927	2	16.908239661017205
41	229	3	15.257630360906049
41	432	5	13.429683483484485
41	288	11	10.52392011516536
42	521	1	32.23792724887059
42	440	2	21.424162402094026
42	526	2	20.083442319096854
42	467	5	15.177980406858712
42	797	7	14.229235211062118
43	467	1	20.22022959160798
43	404	2	14.414323930956083
43	503	3	12.862847138388732
43	194	5	12.571347159979187
43	440	7	11.443347910172118
44	583	2	7.975492305391393
44	541	5	7.80022426924389
44	405	3	7.418353155069122
44	1314	4	7.370167632595911
44	552	1	7.284603437643676
45	305	1	27.24419248969529
45	525	2	22.897240666750683
45	540	3	16.90405035672646
45	84	4	14.463003198370725
45	37	5	14.292844344338246
46	305	1	17.66942745242129
46	525	1	17.630486988632438
46	37	4	13.900781090602358
46	623	3	13.839683945180866
46	1185	4	13.584852543143224
47	525	1	23.900949520985417
47	305	3	21.681759415456035
47	310	4	19.211439557226388
47	568	2	18.99598529418374
47	1200	4	18.957265469980108
48	526	1	23.77896830699992
48	440	2	21.18059278556027
48	439	3	17.022877660931233
48	797	4	15.534027047464868
48	683	3	15.260293182794307
49	321	1	33.14491035013412
49	476	3	31.407756786213625
49	322	2	31.281231808422532
49	320	4	30.36934473767983
49	527	1	28.573608406021602
50	326	2	17.127247064031817
50	192	2	14.73361352353025
50	494	5	14.290567215043879
50	1259	4	13.726196066931614
50	1112	8	13.249053820605955
51	326	1	17.047630566036602
51	494	2	16.72006129502027
51	528	3	15.598620121079438
51	192	4	14.843236924479712
51	1112	5	14.154421115962807
52	211	1	8.055392021028672
52	1204	2	7.167164066794501
52	645	4	7.036148331519312
52	1149	12	5.6660597616737665
52	458	18	5.635483570164872
53	208	1	26.84074137281953
53	1253	2	18.4364266210494
53	298	5	17.048951512480627
53	61	7	16.173552953324233
53	269	5	15.100807975322816
54	123	1	25.73252753287602
54	1213	2	21.896887740443514
54	84	4	18.708057555327642
54	354	3	18.226252915138335
54	1300	7	15.29396018468103
55	460	2	16.203409441419712
55	376	1	15.62586982828638
55	1282	1	11.14597499833619
55	1301	7	10.832953981158152
55	16	11	10.347563455482138
56	441	1	19.861296504424665
56	753	1	19.641359653252003
56	638	3	16.80776791227922
56	685	4	13.950887022679092
56	783	7	12.219845217903673
57	753	1	12.96871706082501
57	380	1	10.668748582596487
57	1339	2	9.197502262966271
57	1338	5	8.626219331297047
57	634	6	8.202645897855636
58	754	1	19.11788379577179
58	270	1	18.429169391136263
58	1159	2	17.988602157719527
58	784	5	15.541291023510542
58	269	4	15.507781959123239
59	105	1	13.045937260663859
59	382	2	12.26580169968977
59	784	3	12.153968898137691
59	789	1	11.038580078356347
59	855	7	10.357403188735834
60	321	1	34.240767418097256
60	322	2	31.685382499031263
60	320	3	30.36934473767983
60	476	4	27.445593860991586
60	527	1	26.769528338119486
61	539	1	22.030831844629844
61	566	2	21.242700480907068
61	564	1	20.918574119137464
61	1213	5	14.15355993426771
61	1159	6	12.352617111825735
62	116	3	12.064217599755032
62	1268	5	11.614405732492866
62	381	2	11.284789010688625
62	105	8	10.537060212198918
62	784	13	9.959157328098748
63	204	2	10.077178847707785
63	738	1	10.064220917478437
63	1045	4	8.369602650450647
63	1381	10	7.941240303233778
63	839	7	7.4415496416232765
64	52	2	12.85877735112973
64	441	2	12.071418490144346
64	239	1	10.400080816661376
64	390	1	8.298094489274785
64	202	14	7.929942607619882
65	388	1	29.508223112602536
65	3	2	19.628056827888905
65	180	2	18.376761911852252
65	664	4	16.9520559351904
65	393	5	15.672287036052207
66	128	1	17.223426829450375
66	664	10	11.564888291567193
66	590	4	11.428049098274945
66	576	2	11.384238868703985
66	453	6	10.607984154332263
67	180	1	18.376761911852252
67	3	2	17.849648011968714
67	664	3	16.730639336938335
67	393	1	15.672287036052207
67	388	5	14.646761150864894
68	628	1	27.59601390442576
68	344	2	15.535690499241678
68	343	3	13.897031449051092
68	662	5	13.010049984993778
68	560	4	11.854879760289787
69	111	2	12.379044397770471
69	1193	9	12.181418235659688
69	105	11	11.852376588154144
69	264	4	11.506275855335101
69	1182	22	9.986819432957864
70	349	1	18.65257999995285
70	327	4	12.450161635445756
70	104	8	11.663104356018183
70	111	10	10.779543387491568
70	155	2	9.787073199035898
71	540	1	14.61967653511206
71	305	2	13.634841580206583
71	573	2	12.12138107770389
71	63	4	10.83635165348283
71	310	7	10.406263590496255
72	630	2	15.06134913144989
72	1082	3	13.765492260713764
72	1080	1	13.746004835346358
72	666	8	13.027541059788902
72	667	10	12.777181202363742
73	541	1	28.331542829496946
73	332	1	25.73281585675327
73	1296	2	22.945770542934472
73	573	3	18.964499291957985
73	488	7	16.443983781997073
74	1153	1	21.446821967886347
74	876	3	17.037813439841983
74	576	2	16.266148732621105
74	431	5	14.852097303777091
74	1143	5	14.636737360916689
75	1161	3	17.359968047655038
75	1393	2	17.10283358149284
75	1395	5	17.006557772056915
75	324	11	16.747510251519042
75	584	7	14.550681160795943
76	667	1	21.522521152121232
76	666	3	16.44725289070813
76	1395	11	13.005771491206369
76	307	11	11.621312319833901
76	1082	2	11.49828955678041
77	667	1	22.791317024925753
77	1395	2	15.17225516338797
77	668	4	14.43271934207251
77	1191	3	13.715852633966936
77	329	1	10.399714403401962
78	589	1	25.966481166446798
78	543	2	21.043430359354463
78	590	2	19.85185681346715
78	216	6	15.980559254393626
78	592	5	15.767077154212194
79	1066	1	16.24934188305229
79	199	2	11.59964899957076
79	755	6	11.320156578501265
79	748	5	10.563622272114525
79	567	4	10.52190479784063
80	917	1	12.905764682473535
80	546	2	10.05703164607036
80	790	8	9.728299829346565
80	441	7	9.615061734844382
80	1066	9	9.540330933259057
81	714	1	19.39979730340149
81	631	2	17.839055756180784
81	799	1	17.656532836881823
81	755	4	13.224467123842654
81	904	9	10.194051875933988
82	1334	1	25.225109041472052
82	1332	3	18.908804963534923
82	247	5	18.347402202931136
82	676	4	18.030424923991355
82	1339	3	17.168525076674687
83	680	2	11.858889973062151
83	224	1	11.203433586757475
83	898	4	9.674682675640334
83	428	5	9.175115092462882
83	512	6	8.697017903776771
84	294	1	20.3242652438758
84	522	2	17.6884821259718
84	1281	6	14.168147796635855
84	101	8	13.885754871921808
84	861	9	13.595695255479857
85	1155	2	14.31292749028228
85	294	4	13.980222923358951
85	522	10	12.667391323031822
85	1278	16	11.50642563426079
85	280	15	11.257243924172071
86	755	1	37.368431176317706
86	594	1	34.054255693658675
86	790	3	25.76351992306588
86	431	4	19.54812114013317
86	1155	6	17.036333293731612
87	1228	1	19.524154868974435
87	572	2	18.892243556369372
87	334	3	17.567295735209512
87	134	5	14.26061984033229
87	1198	11	13.806325217664327
88	548	1	44.4372275060604
88	613	2	34.46878628245645
88	622	2	34.386643685426776
88	615	4	32.638529036139715
88	616	5	31.859126907667715
89	793	1	16.360759112656368
89	464	4	14.999478541875126
89	1338	1	14.829459815705128
89	1290	2	14.248381652298992
89	632	10	12.741840714879068
90	1187	1	19.51238500744754
90	358	3	13.870122059991505
90	1216	5	11.945452663339701
90	504	6	11.707313392254166
90	1228	3	11.511011466826478
91	799	2	14.211909678119682
91	252	1	13.370681455424622
91	610	3	12.220336794348349
91	672	4	12.103655756669323
91	520	7	9.802756044626395
92	758	1	25.088235927335653
92	811	2	19.670582014677336
92	804	3	17.262400392277783
92	809	5	16.29479027698249
92	808	8	11.455988635602123
93	635	1	31.657281351837412
93	691	2	25.442780271906088
93	1336	3	13.907396011735273
93	232	4	12.806506447532698
93	68	3	11.420170881499676
94	559	1	23.54198928286423
94	1393	2	21.552008376397936
94	1161	6	19.029585079569916
94	1394	4	18.859022703415395
94	438	10	18.06262375460553
95	662	1	15.874310334151845
95	635	2	14.686572539893403
95	1191	3	13.361773386501994
95	370	1	11.787972974911993
95	689	4	10.580956128726278
96	698	1	20.901169869742343
96	637	2	20.593398375620904
96	705	3	17.29645908273112
96	699	3	16.100905656660547
96	1339	4	12.88946942535459
97	1331	1	18.620332091493715
97	882	2	11.963021373759219
97	783	3	11.223061216855228
97	1270	4	10.755663229739366
97	790	4	10.24746587650447
98	673	1	25.848105407960706
98	638	1	25.76871910686684
98	1095	3	15.297065332928561
98	792	4	14.541282268556905
98	222	6	14.112715847722473
99	639	1	36.44929217564977
99	719	2	25.384633015666036
99	716	3	22.871590435771093
99	717	6	16.159900520031968
99	944	7	14.894848616009416
100	760	1	35.537273108557514
100	1122	2	28.253707417484925
100	822	3	25.582704904523258
100	739	3	23.951836480916135
100	740	7	20.991781498150747
101	817	2	22.741670001144314
101	818	2	22.250167493480994
101	1119	3	21.416064613752432
101	819	1	19.49875058787327
101	820	4	18.893045333202874
102	910	1	15.307916326227579
102	1339	2	10.159347519706873
102	729	2	9.761150098966034
102	728	4	9.342426611687777
102	1290	5	8.359700580934447
103	761	1	16.219726900848087
103	1127	1	13.090335980887982
103	1050	2	11.606056724277124
103	1048	4	9.704039309848538
103	1049	4	8.826791821102187
104	762	1	19.45535867353384
104	910	3	14.538157256732514
104	1316	4	12.361995784580715
104	644	5	11.803258675522748
104	913	9	11.316617814712526
105	764	1	36.30024157844727
105	848	2	31.23526234677638
105	846	3	20.988988403351453
105	847	3	16.740881055279385
105	953	4	15.329206371060897
106	847	1	13.99542425403705
106	1036	3	11.054830441863292
106	953	6	10.267618874531994
106	1042	9	10.021139428689242
106	1043	10	9.976829801408012
107	725	1	26.523125203000713
107	640	1	23.838443966008835
107	909	4	18.14629784219563
107	883	3	16.889711628862948
107	720	6	14.854757153936465
108	75	1	22.091177534477175
108	883	1	20.28060197067829
108	724	2	19.7810633109368
108	726	2	19.16276287107739
108	884	4	15.591390747035442
109	51	1	12.464310095677693
109	658	2	11.733210182944996
109	859	2	11.538623548337341
109	627	3	9.235323342309247
109	5	6	8.978417612435797
110	862	1	14.138151806039748
110	412	4	13.671927628834089
110	1173	9	11.244638602969694
110	642	15	10.24847689080481
110	424	1	10.125165168445996
111	894	1	27.86218854132013
111	627	4	15.705730046395292
111	390	2	15.20830024063753
111	857	3	14.82510646503152
111	856	4	14.40707273492447
112	641	1	28.3009639012977
112	730	2	21.319508127140637
112	735	3	17.485701260763555
112	734	4	16.143867890492018
112	955	5	15.242151981218152
113	748	2	14.369291508954289
113	205	1	13.453297791581022
113	1272	6	12.28959530020266
113	638	3	11.307438665501216
113	947	21	9.88460699004888
114	895	1	26.763187002421056
114	919	2	19.702401814986377
114	918	2	18.764570061862656
114	780	3	18.061904100664467
114	1290	7	14.215780750425473
115	746	2	13.87596463393758
115	875	1	13.307010193404212
115	540	3	12.540498907433836
115	184	1	12.162080189297473
115	486	2	11.349999183174148
116	605	1	13.60785019942345
116	522	2	11.790369654930043
116	1218	7	10.45159317737295
116	1351	9	9.297207808933972
116	136	17	8.40162032682131
117	927	2	13.363644033308573
117	1328	1	12.851189706916582
117	434	3	11.538204707598485
117	229	12	8.866128277678339
117	1115	19	7.792709968062599
118	923	1	19.13563638734813
118	520	1	18.30987039358277
118	1075	5	14.138435324052068
118	229	3	13.689882352677106
118	924	4	13.630993535658884
120	769	1	33.68081182318725
120	890	3	22.75984181048444
120	886	2	21.765803366853255
120	887	2	21.45627551323316
120	1123	12	15.78528917917296
121	1056	1	16.61333629058501
121	769	1	15.879694830750177
121	1146	4	13.661850180880306
121	837	4	13.408339185971297
121	890	3	12.693272776395458
122	898	1	16.602561846458304
122	931	1	16.569204591447967
122	1070	2	13.585007980476394
122	934	5	12.205083142749938
122	930	6	11.401355586980436
123	941	1	19.076556749495218
123	34	3	10.42538397154205
123	966	4	10.081620941069094
123	910	7	9.210460083796855
123	537	13	8.261899904702169
124	941	1	25.606807536623286
124	898	2	16.602561846458308
124	931	3	16.569204591447967
124	934	4	16.148375295318633
124	1001	5	15.760323228891153
125	993	2	13.669914176006124
125	1074	1	12.63620937757086
125	997	1	12.050586156497157
125	1075	3	10.654874244126152
125	1093	4	10.406881489602974
126	974	1	30.333468534543037
126	1288	2	29.230717203709297
126	1326	1	29.159266477453876
126	397	4	11.25547904512394
126	1265	6	9.461690115046384
127	981	1	18.72418356259089
127	5	2	17.46952103934747
127	459	8	9.35340150433445
127	467	15	8.777842710244881
127	1248	18	8.453702534758914
128	945	1	36.97174322095665
128	92	2	20.718998261214068
128	1063	2	20.58008561696033
128	1246	4	17.804699201119767
128	1219	8	10.890167924974246
129	989	1	21.38361518178915
129	988	2	19.408595128819623
129	945	1	19.29072061982869
129	660	2	15.83190976151754
129	1281	8	11.574988185465148
130	948	1	27.96011971303561
130	859	1	22.070595800483446
130	658	2	18.104904447077576
130	634	6	15.74454454693722
130	627	9	15.304058009465162
131	950	1	31.201334660432238
131	1021	2	20.491309942758456
131	1023	5	18.212868569895477
131	1022	7	17.215917961805552
131	1017	3	16.963545638687197
132	950	1	13.77509100730874
132	1017	1	12.923348768813977
132	1021	2	12.6097006807398
132	1020	6	11.83768159805878
132	1023	9	11.690527041584039
133	950	1	13.153045506662066
133	1026	4	11.966232408272788
133	1020	5	11.83768159805878
133	1017	2	11.796737120666291
133	1023	8	11.690527041584039
134	951	2	15.547535560856904
134	1012	1	15.478344747203266
134	883	3	13.6659969998265
134	1020	5	12.155164499107656
134	1023	6	12.077501610527348
135	1017	1	19.391294109934204
135	1026	2	19.330575873525213
135	950	1	18.983784116087833
135	1020	4	18.86577308257879
135	1023	8	18.67205971170732
136	1033	2	13.604291862586145
136	1021	2	13.088528931351622
136	1026	6	11.966232408272788
136	1020	6	11.83768159805878
136	1017	3	11.796737120666291
137	952	1	52.06382520629087
137	1172	2	21.039393126402317
137	847	3	19.79702285162869
137	953	6	17.419908633103972
137	836	14	16.828831038582752
138	953	1	28.36906781068634
138	847	2	21.676988376784244
138	764	3	18.43582298917666
138	846	5	17.392487446377714
138	841	7	16.150379365845083
139	953	1	23.072681685256907
139	847	1	21.882481937278172
139	846	3	19.88052632887445
139	764	3	18.43582298917666
139	844	7	16.405039897903844
140	954	1	20.249965425963957
140	837	5	9.90198166135172
140	497	4	9.79822287004717
140	922	9	8.566952880725118
140	726	9	7.462018451423064
141	1135	1	14.150706994235346
141	836	2	13.07875871488713
141	424	3	12.124510439094696
141	851	6	10.695981763665504
141	887	15	10.165244689627373
142	1175	1	19.43641404873201
142	954	1	15.92488114192432
142	1136	2	13.426692478047437
142	887	2	12.02209862048648
142	1125	9	10.020019957512602
143	930	2	12.396805825294239
143	1129	2	12.084740346878826
143	852	3	10.998461403311255
143	953	4	10.75370679330798
143	1135	10	10.071673908494244
144	839	1	21.259639072038816
144	955	1	20.964271744111294
144	763	3	17.07296173777955
144	1045	6	16.217204987385944
144	1178	5	15.922423254255246
145	1045	4	15.391509918476395
145	839	2	14.638381738964483
145	1046	5	14.289983467181552
145	928	7	13.558898733536843
145	838	4	12.783335154068258
146	955	1	19.055996450109003
146	1045	2	16.67029548285221
146	840	3	12.356992806202166
146	839	7	11.556658411041992
146	838	13	10.3222517615031
147	956	1	41.508245522806476
147	1050	2	29.526427063861608
147	1049	2	26.53229209976693
147	1128	5	16.388234079740435
147	1358	7	14.938215974987404
148	1048	1	25.343531475499894
148	1050	3	16.846436377717357
148	1127	4	14.30641526671419
148	761	5	13.781827371768395
148	928	7	12.599841158010129
149	930	1	22.19674392830114
149	1070	2	14.056868217241071
149	926	3	13.291988233366176
149	931	7	12.712054533503643
149	1363	5	12.617910940483911
150	1062	1	30.32526375038093
150	1074	1	27.985418195503314
150	1075	3	24.308360176615203
150	1108	7	16.520834214853345
150	1202	4	16.3947640322526
151	677	1	13.183130587954322
151	924	2	10.803573979391189
151	432	7	8.968013439265079
151	676	12	8.962188793920209
151	1289	9	8.850024665894715
152	336	1	10.845443197886867
152	671	1	10.5157107783107
152	547	7	9.146091325326982
152	76	12	8.137924921547741
152	924	13	8.088380500543693
153	1063	1	21.889823490702742
153	1085	2	18.989183141091033
153	1088	1	18.90256465161418
153	1081	4	16.523681541729104
153	1082	2	12.86499795474483
154	1088	1	40.680350633904226
154	1087	2	21.158636858013775
154	832	3	19.80362593579963
154	1054	2	17.257392748058745
154	833	12	11.41422846094691
155	1065	1	11.974076846908527
155	76	12	9.40712218631478
155	1097	8	9.396881625931211
155	1096	7	8.860133680962694
155	1100	9	8.823444730981878
156	1096	1	18.37203676482919
156	553	2	16.098221205237635
156	1098	3	14.218569671530405
156	1097	2	11.856338241774122
156	1100	5	10.692250840342282
157	456	2	18.63115125751157
157	994	3	18.56603753278782
157	25	1	18.121075880066762
157	1234	4	17.850553048046667
157	332	9	15.300349141564384
158	302	1	17.923138219671422
158	552	2	13.894472027149195
158	949	3	11.08868914663449
158	691	2	10.545665500690003
158	405	15	7.651716093707717
159	1066	1	29.602688873994975
159	1197	2	20.398850907941686
159	1112	3	16.9957379428015
159	42	5	15.069939622185053
159	1259	4	14.549493177332764
160	1071	1	31.127374891734632
160	1134	2	22.550031664819688
160	769	3	20.80881692774618
160	763	4	18.917400561668863
160	885	9	15.979376096441738
161	1386	1	28.052659122459087
161	1185	1	25.691649743322493
161	1192	3	24.19797940038378
161	55	2	23.151273598553463
161	54	3	22.788869908097325
162	55	1	22.842066129964408
162	460	4	18.63439381819142
162	1366	4	18.619686523401462
162	562	8	17.60804095819853
162	54	7	17.342605257043527
163	492	1	39.27770308303961
163	57	3	19.95602696829848
163	56	3	18.874352349998233
163	37	9	14.609026682039037
163	441	2	13.922578607163643
164	1187	1	18.744198928887087
164	416	2	15.46807018212586
164	358	3	13.870122059991505
164	311	1	13.786675255784502
164	504	6	11.80303776198353
165	504	1	25.32911406641412
165	978	2	16.28717217540035
165	72	3	15.785451794127393
165	209	4	13.3763742002637
165	335	11	10.223663248063358
166	504	1	28.751522779725498
166	72	2	15.00076806502581
166	209	2	13.3763742002637
166	569	5	12.601904929353458
166	55	10	11.420953182201036
167	553	2	19.41218350221077
167	1279	1	19.009247119734415
167	1098	1	18.319939773928592
167	1096	5	15.453218832965366
167	82	4	14.502208939555894
168	750	1	16.40541635958595
168	118	2	14.56158859512489
168	467	1	13.221048260795383
168	738	9	10.575052262168297
168	714	16	8.909274432275417
169	750	1	21.674081251797
169	118	2	18.97902465779979
169	127	6	14.185636809769981
169	467	3	13.808271440462894
169	738	18	10.575052262168297
170	893	2	29.33094744457072
170	239	1	29.11134638429162
170	238	1	27.96958578958273
170	904	4	25.084243149514776
170	1082	5	23.423991867803572
171	431	1	32.55974954631798
171	516	1	31.924272950002766
171	714	4	19.586704891860784
171	672	9	16.603037547229306
171	904	13	14.926430362067897
172	321	1	29.74486778372105
172	320	2	29.029947184885888
172	322	2	28.633437310618767
172	476	4	26.397710122296758
172	527	1	24.48182089774475
173	532	1	17.80773255404228
173	367	1	17.323790667631677
173	917	2	13.475232479091318
173	931	8	11.05239291225222
173	813	17	8.896647704443504
174	483	1	18.965868259977455
174	411	3	16.52421793085108
174	533	2	16.16176957647707
174	501	2	13.854691228379753
174	1390	7	12.441389111807922
175	1080	1	13.595623851280983
175	1082	7	11.845662851648171
175	238	8	11.063552096714302
175	34	4	10.42538397154205
175	1222	8	10.295277869444288
176	542	1	26.27775005828051
176	963	2	14.671971114695546
176	1073	4	13.385506626532298
176	981	5	12.206040297079458
176	869	3	12.0388746533379
177	589	1	24.869635331263446
177	588	2	21.441986118050245
177	590	2	19.851856813467144
177	543	3	18.409089785485836
177	216	7	15.980559254393626
178	591	1	16.96701229097265
178	592	3	13.665418393375722
178	216	2	13.633995747063032
178	589	4	12.237373045064064
178	590	5	11.670923356360692
179	224	1	24.77003926700043
179	680	2	23.269938287677988
179	753	3	19.999410361738498
179	633	1	19.120044724774278
179	930	8	15.54029670508103
180	548	1	20.298176759988518
180	622	2	19.21071121338423
180	616	1	18.89520097999595
180	882	5	9.197125597763568
180	719	6	8.450894056783746
181	993	2	13.669914176006124
181	1074	1	13.367598796492386
181	997	1	12.869175799629826
181	1075	3	11.251231506086425
181	610	11	9.221375231858797
182	634	1	64.01683122001577
182	685	2	18.311813766007933
182	593	4	18.29799940415778
182	572	4	17.906093351206255
182	1107	11	14.80523110421454
183	804	1	15.555513516412397
183	809	1	13.562799622822322
183	758	3	13.35507211375403
183	808	4	10.775458800560465
183	1243	5	10.423229679066562
184	1346	1	8.249847864308766
184	164	4	8.091885591541898
184	1333	13	7.098403421067035
184	32	21	7.0382007811056635
184	1348	14	6.927540087755618
185	856	1	20.88336838131992
185	390	2	16.968705023781524
185	857	2	16.432451196899933
185	658	4	14.665477094103945
185	391	9	12.60824663913267
186	1074	4	13.410451099979031
186	1075	2	13.351089687728646
186	230	4	13.298106632390324
186	1062	3	12.655967037683634
186	923	7	12.651703922832345
187	763	1	33.10118253541107
187	839	2	23.00277049640743
187	841	2	22.13413057954716
187	847	6	19.297136126193664
187	955	7	19.147890096146
188	725	1	30.84291927540172
188	911	2	20.701592882178907
188	722	3	18.639353373166216
188	720	4	17.159912683220256
188	909	6	14.836470497000395
189	767	1	17.98177327615148
189	640	1	14.093965818884874
189	865	2	13.582985523288844
189	867	9	9.701474686233109
189	768	11	9.531680165833286
190	627	1	19.673286630911495
190	390	1	18.354887427213722
190	15	4	15.089278113437985
190	948	6	14.833655003021704
190	391	4	14.352066773433496
191	627	2	15.398484033990794
191	658	1	15.314374779140948
191	15	2	14.05507348397503
191	1392	5	13.842053619001138
191	856	6	12.936089111959394
192	734	1	16.93113114836079
192	641	2	16.881632920906902
192	735	3	11.146811173176868
192	644	5	9.538807402112269
192	1057	8	7.627578508346952
193	730	1	14.314583062073709
193	641	2	13.805845172635333
193	735	5	11.706387357652517
193	400	4	11.551112595659129
193	734	5	11.440351848668161
194	642	1	35.569600858002424
194	932	2	22.850875562943713
194	744	4	19.253296829817323
194	888	3	18.532985108304963
194	1122	7	17.069950723402933
195	642	1	37.30976276725328
195	932	2	22.85087556294371
195	888	4	18.532985108304963
195	744	7	18.25873046883441
195	1122	10	17.50899247378692
196	746	2	13.87596463393758
196	875	1	13.307010193404212
196	184	1	12.162080189297473
196	13	4	11.361531984581744
196	486	2	11.349999183174148
197	884	1	25.59863303069023
197	881	2	19.120244503530866
197	768	5	10.786935968254497
197	726	4	10.616188658316034
197	883	11	8.53163222675788
198	886	2	16.008953101962256
198	890	4	14.872388496865966
198	769	3	14.739564874818292
198	897	5	14.713728747690565
198	743	7	13.611180547083293
199	930	1	21.298180089746253
199	931	3	13.828103704248715
199	1070	2	13.77629958977331
199	1131	10	9.632641192237855
199	898	16	9.5945566737492
200	1071	1	20.012714701844782
200	1134	1	17.991330528563882
200	885	4	14.327865486536577
200	887	5	13.494791823287958
200	1070	11	10.934320669811656
201	625	1	18.923723780049414
201	410	7	11.779502820040694
201	1297	3	11.511713954199934
201	69	9	11.3271739967449
201	1189	10	10.61473035471911
202	1285	1	21.232963776728283
202	1378	2	15.398148628190638
202	605	4	13.404115477620879
202	1231	5	13.317870713319515
202	19	11	11.112782696881535
203	1378	1	11.62717778386376
203	38	3	9.071662272609124
203	1262	13	8.199036778964807
203	370	14	8.145421082362228
203	1261	2	7.948232382506312
204	496	3	8.758037517090429
204	1261	6	8.032376420793646
204	443	2	7.733268502810946
204	1339	11	7.0578746199214315
204	1076	25	6.614516157614975
205	1321	1	18.35539335714917
205	1287	2	17.26958272297454
205	1322	1	16.495294835817404
205	73	5	14.53771136641216
205	55	5	12.10706791978939
206	1290	1	32.90360596451876
206	790	2	16.058457299418883
206	879	2	14.965385451835187
206	516	4	14.116929815851083
206	876	7	12.439747847196424
207	749	1	13.535906827840444
207	859	2	10.79979157238271
207	1341	4	10.748844635198902
207	643	9	9.465942224242898
207	365	13	9.33016628469961
208	1291	1	47.25968871824273
208	1344	2	34.962704834801464
208	1345	5	18.482368857166882
208	1380	3	18.195141715551514
208	163	3	13.216439282949061
209	1278	2	14.931664579918879
209	358	6	14.247881749709954
209	1383	5	14.03908341379104
209	461	7	14.006970915314774
209	55	12	12.413989007265231
210	1172	1	42.86673780900188
210	1171	2	34.396484905861826
210	1145	2	31.946555917132777
210	1132	5	21.845293913653386
210	760	8	21.01199560259007
211	739	1	15.6165713576525
211	769	4	15.284175776519977
211	897	3	15.263836486555526
211	890	5	14.844326778976079
211	1068	10	14.017821774960847
212	888	1	27.659340643229285
212	1178	1	26.05829538004348
212	838	2	23.67946325912544
212	1176	3	21.690241042535867
212	1293	4	19.38893589336091
213	885	1	27.316167850824193
213	769	1	18.29375968276551
213	888	3	16.00444278563839
213	1173	5	15.545479139766222
213	887	4	15.07889410767131
214	1294	1	30.05169011503487
214	1362	2	17.983774242923715
214	831	2	14.079822154092337
214	1036	5	12.964138076536651
214	1042	9	12.078132512746274
216	1032	1	11.61115272641791
216	330	4	10.978588355939028
216	345	10	9.20761711372538
216	1364	12	9.034654638655454
216	764	14	8.828822582977073
217	283	2	14.729656925677592
217	559	3	13.966021139898974
217	1395	1	12.725802597366675
217	65	8	12.645002725127707
217	655	14	11.501785686479213
218	283	1	14.13990105736353
218	559	2	13.966021139898974
218	101	3	13.213919019983187
218	655	8	10.991072824339845
218	1393	1	10.890412974384155
219	149	2	12.00938347213979
219	361	1	9.910412912905441
219	1082	7	9.713241792999316
219	992	3	9.065155893766464
219	680	3	8.940755371073378
220	292	1	18.38982748562303
220	458	4	15.161408022535307
220	111	5	14.75729795402194
220	1192	10	12.752758910632275
220	261	18	12.328947907361641
221	1366	1	18.352417269515875
221	435	2	16.589653416504603
221	292	2	13.782289869185275
221	1386	4	13.39433844864344
221	62	8	12.08023772426614
222	1399	1	20.69376494557455
222	1400	1	19.859892770366756
222	1396	3	17.090954036987583
222	419	2	17.024308362685634
222	1397	8	14.310593835600702
223	400	1	20.933543003333874
223	1398	2	16.936591747728187
223	1399	2	16.469384501035083
223	863	3	15.161336161686465
223	1400	5	12.740039431931852
224	1286	1	22.530357495154036
224	1312	1	20.502193501122974
224	236	2	16.544703870929137
224	401	5	13.362019311221985
224	656	6	13.161412955146554
225	1188	1	31.21030514058392
225	1344	2	18.96756296599272
225	1380	2	17.609537980157334
225	1124	5	16.123867588438827
225	674	3	14.663550513119352
